"","date","home.x","visit","place","number_audience","homewin"
"1","2019/03/23","KIA","LG","광주",20500,"lose"
"2","2019/03/23","NC","삼성","창원",22112,"win"
"3","2019/03/23","SK","KT","문학",21909,"win"
"4","2019/03/23","두산","한화","잠실",25000,"win"
"5","2019/03/23","롯데","키움","사직",24500,"lose"
"6","2019/03/24","KIA","LG","광주",17597,"lose"
"7","2019/03/24","NC","삼성","창원",20067,"lose"
"8","2019/03/24","SK","KT","문학",15421,"win"
"9","2019/03/24","두산","한화","잠실",25000,"lose"
"10","2019/03/24","롯데","키움","사직",22218,"win"
"11","2019/03/26","KIA","한화","광주",5553,"lose"
"12","2019/03/26","NC","KT","창원",4782,"win"
"13","2019/03/26","SK","LG","문학",6718,"lose"
"14","2019/03/26","두산","키움","잠실",6155,"win"
"15","2019/03/26","롯데","삼성","사직",7345,"win"
"16","2019/03/27","KIA","한화","광주",6251,"win"
"17","2019/03/27","NC","KT","창원",5154,"win"
"18","2019/03/27","SK","LG","문학",6319,"win"
"19","2019/03/27","두산","키움","잠실",5784,"win"
"20","2019/03/27","롯데","삼성","사직",8136,"lose"
"21","2019/03/28","KIA","한화","광주",5629,"win"
"22","2019/03/28","NC","KT","창원",4757,"win"
"23","2019/03/28","SK","LG","문학",8053,"win"
"24","2019/03/28","두산","키움","잠실",6752,"lose"
"25","2019/03/28","롯데","삼성","사직",7625,"lose"
"26","2019/03/29","KT","KIA","수원",16156,"win"
"27","2019/03/29","LG","롯데","잠실",19370,"win"
"28","2019/03/29","삼성","두산","대구",12361,"lose"
"29","2019/03/29","키움","SK","고척",5435,"lose"
"30","2019/03/29","한화","NC","대전",12152,"win"
"31","2019/03/30","KT","KIA","수원",11475,"win"
"32","2019/03/30","LG","롯데","잠실",20601,"lose"
"33","2019/03/30","삼성","두산","대구",20559,"lose"
"34","2019/03/30","키움","SK","고척",7330,"win"
"35","2019/03/30","한화","NC","대전",11239,"win"
"36","2019/03/31","KT","KIA","수원",13861,"lose"
"37","2019/03/31","LG","롯데","잠실",21267,"win"
"38","2019/03/31","삼성","두산","대구",14084,"lose"
"39","2019/03/31","키움","SK","고척",5682,"lose"
"40","2019/03/31","한화","NC","대전",11878,"lose"
"41","2019/04/02","NC","키움","창원",4602,"lose"
"42","2019/04/02","SK","롯데","문학",6556,"lose"
"43","2019/04/02","두산","KT","잠실",6091,"win"
"44","2019/04/02","삼성","KIA","대구",4818,"lose"
"45","2019/04/02","한화","LG","대전",6619,"win"
"46","2019/04/03","NC","키움","창원",4945,"win"
"47","2019/04/03","SK","롯데","문학",6457,"lose"
"48","2019/04/03","두산","KT","잠실",5811,"win"
"49","2019/04/03","삼성","KIA","대구",5777,"win"
"50","2019/04/03","한화","LG","대전",6002,"lose"
"51","2019/04/04","NC","키움","창원",4806,"lose"
"52","2019/04/04","SK","롯데","문학",7352,"win"
"53","2019/04/04","두산","KT","잠실",5427,"win"
"54","2019/04/04","삼성","KIA","대구",5863,"win"
"55","2019/04/04","한화","LG","대전",6650,"win"
"56","2019/04/05","KIA","키움","광주",7048,"win"
"57","2019/04/05","KT","LG","수원",5671,"lose"
"58","2019/04/05","SK","삼성","문학",9178,"win"
"59","2019/04/05","두산","NC","잠실",10365,"lose"
"60","2019/04/05","롯데","한화","사직",11451,"win"
"61","2019/04/06","KIA","키움","광주",15302,"lose"
"62","2019/04/06","KT","LG","수원",8509,"win"
"63","2019/04/06","SK","삼성","문학",14617,"win"
"64","2019/04/06","두산","NC","잠실",14279,"lose"
"65","2019/04/06","롯데","한화","사직",23305,"win"
"66","2019/04/07","KT","LG","수원",12563,"win"
"67","2019/04/07","SK","삼성","문학",19069,"win"
"68","2019/04/07","두산","NC","잠실",16081,"lose"
"69","2019/04/07","롯데","한화","사직",11028,"lose"
"70","2019/04/09","키움","KT","고척",1377,"win"
"71","2019/04/10","KIA","NC","광주",7207,"win"
"72","2019/04/10","LG","삼성","잠실",10261,"lose"
"73","2019/04/10","롯데","두산","사직",6825,"lose"
"74","2019/04/10","키움","KT","고척",1158,"win"
"75","2019/04/10","한화","SK","대전",5434,"lose"
"76","2019/04/11","KIA","NC","광주",6809,"lose"
"77","2019/04/11","LG","삼성","잠실",11168,"win"
"78","2019/04/11","롯데","두산","사직",7403,"lose"
"79","2019/04/11","키움","KT","고척",1369,"lose"
"80","2019/04/11","한화","SK","대전",5792,"lose"
"81","2019/04/12","LG","두산","잠실",18489,"win"
"82","2019/04/12","NC","롯데","창원",17028,"win"
"83","2019/04/12","SK","KIA","문학",15392,"same"
"84","2019/04/12","삼성","KT","대구",7087,"win"
"85","2019/04/12","키움","한화","고척",6559,"win"
"86","2019/04/13","LG","두산","잠실",25000,"win"
"87","2019/04/13","NC","롯데","창원",22112,"win"
"88","2019/04/13","SK","KIA","문학",22502,"lose"
"89","2019/04/13","삼성","KT","대구",16783,"lose"
"90","2019/04/13","키움","한화","고척",12322,"win"
"91","2019/04/14","LG","두산","잠실",15459,"lose"
"92","2019/04/14","NC","롯데","창원",16860,"win"
"93","2019/04/14","SK","KIA","문학",17179,"lose"
"94","2019/04/14","삼성","KT","대구",7347,"win"
"95","2019/04/14","키움","한화","고척",10338,"lose"
"96","2019/04/16","KT","한화","수원",7248,"win"
"97","2019/04/16","NC","LG","창원",6568,"lose"
"98","2019/04/16","두산","SK","잠실",8633,"win"
"99","2019/04/16","롯데","KIA","사직",9766,"win"
"100","2019/04/16","삼성","키움","포항",5179,"lose"
"101","2019/04/17","KT","한화","수원",6342,"lose"
"102","2019/04/17","NC","LG","창원",9030,"lose"
"103","2019/04/17","두산","SK","잠실",9217,"win"
"104","2019/04/17","롯데","KIA","사직",7175,"win"
"105","2019/04/17","삼성","키움","포항",5784,"lose"
"106","2019/04/18","KT","한화","수원",5536,"win"
"107","2019/04/18","NC","LG","창원",7156,"lose"
"108","2019/04/18","두산","SK","잠실",8624,"lose"
"109","2019/04/18","롯데","KIA","사직",7777,"win"
"110","2019/04/18","삼성","키움","포항",5284,"win"
"111","2019/04/19","KIA","두산","광주",9044,"lose"
"112","2019/04/19","LG","키움","잠실",9936,"lose"
"113","2019/04/19","SK","NC","문학",7657,"lose"
"114","2019/04/19","롯데","KT","사직",8483,"lose"
"115","2019/04/19","한화","삼성","대전",8058,"win"
"116","2019/04/20","KIA","두산","광주",16047,"lose"
"117","2019/04/20","LG","키움","잠실",16362,"lose"
"118","2019/04/20","SK","NC","문학",18023,"win"
"119","2019/04/20","롯데","KT","사직",17232,"win"
"120","2019/04/20","한화","삼성","대전",13000,"win"
"121","2019/04/21","KIA","두산","광주",13401,"lose"
"122","2019/04/21","LG","키움","잠실",14364,"win"
"123","2019/04/21","SK","NC","문학",15812,"win"
"124","2019/04/21","롯데","KT","사직",14394,"lose"
"125","2019/04/21","한화","삼성","대전",12761,"lose"
"126","2019/04/23","KT","NC","수원",2903,"lose"
"127","2019/04/23","LG","KIA","잠실",12485,"win"
"128","2019/04/23","키움","두산","고척",4034,"lose"
"129","2019/04/24","KT","NC","수원",3905,"lose"
"130","2019/04/24","LG","KIA","잠실",14171,"win"
"131","2019/04/24","삼성","SK","대구",6214,"lose"
"132","2019/04/24","키움","두산","고척",4174,"win"
"133","2019/04/24","한화","롯데","대전",6235,"win"
"134","2019/04/25","삼성","SK","대구",3889,"lose"
"135","2019/04/25","키움","두산","고척",4042,"win"
"136","2019/04/26","KT","SK","수원",3712,"lose"
"137","2019/04/26","두산","롯데","잠실",15257,"win"
"138","2019/04/26","키움","KIA","고척",5357,"win"
"139","2019/04/27","KT","SK","수원",10514,"lose"
"140","2019/04/27","NC","한화","창원",15140,"win"
"141","2019/04/27","두산","롯데","잠실",24027,"win"
"142","2019/04/27","삼성","LG","대구",19767,"lose"
"143","2019/04/27","키움","KIA","고척",10491,"lose"
"144","2019/04/28","KT","SK","수원",8508,"lose"
"145","2019/04/28","NC","한화","창원",11267,"win"
"146","2019/04/28","두산","롯데","잠실",20219,"win"
"147","2019/04/28","삼성","LG","대구",14214,"lose"
"148","2019/04/28","키움","KIA","고척",9038,"win"
"149","2019/04/30","KIA","삼성","광주",8204,"win"
"150","2019/04/30","LG","KT","잠실",10144,"win"
"151","2019/04/30","SK","키움","문학",8972,"lose"
"152","2019/04/30","롯데","NC","사직",13974,"win"
"153","2019/04/30","한화","두산","대전",7555,"win"
"154","2019/05/01","KIA","삼성","광주",8023,"lose"
"155","2019/05/01","LG","KT","잠실",12582,"win"
"156","2019/05/01","SK","키움","문학",15875,"win"
"157","2019/05/01","롯데","NC","사직",12296,"lose"
"158","2019/05/01","한화","두산","대전",10779,"win"
"159","2019/05/02","KIA","삼성","광주",7550,"win"
"160","2019/05/02","LG","KT","잠실",9806,"win"
"161","2019/05/02","SK","키움","문학",8147,"lose"
"162","2019/05/02","롯데","NC","사직",9280,"lose"
"163","2019/05/02","한화","두산","대전",7358,"lose"
"164","2019/05/03","NC","KIA","창원",11196,"lose"
"165","2019/05/03","두산","LG","잠실",24133,"win"
"166","2019/05/03","롯데","SK","사직",10573,"lose"
"167","2019/05/03","키움","삼성","고척",3554,"win"
"168","2019/05/03","한화","KT","대전",8529,"lose"
"169","2019/05/04","NC","KIA","창원",15902,"win"
"170","2019/05/04","두산","LG","잠실",25000,"win"
"171","2019/05/04","롯데","SK","사직",16666,"lose"
"172","2019/05/04","키움","삼성","고척",7748,"lose"
"173","2019/05/04","한화","KT","대전",12179,"win"
"174","2019/05/05","NC","KIA","창원",17221,"win"
"175","2019/05/05","두산","LG","잠실",25000,"win"
"176","2019/05/05","롯데","SK","사직",20490,"lose"
"177","2019/05/05","키움","삼성","고척",10651,"win"
"178","2019/05/05","한화","KT","대전",13000,"win"
"179","2019/05/07","KT","롯데","수원",4436,"win"
"180","2019/05/07","SK","한화","문학",11668,"win"
"181","2019/05/07","두산","KIA","잠실",13196,"win"
"182","2019/05/07","삼성","NC","대구",5450,"win"
"183","2019/05/07","키움","LG","고척",4139,"lose"
"184","2019/05/08","KT","롯데","수원",3437,"win"
"185","2019/05/08","SK","한화","문학",11027,"win"
"186","2019/05/08","두산","KIA","잠실",12115,"win"
"187","2019/05/08","삼성","NC","대구",5220,"win"
"188","2019/05/08","키움","LG","고척",3418,"win"
"189","2019/05/09","KT","롯데","수원",5675,"lose"
"190","2019/05/09","SK","한화","문학",16817,"lose"
"191","2019/05/09","두산","KIA","잠실",16281,"lose"
"192","2019/05/09","삼성","NC","대구",6381,"win"
"193","2019/05/09","키움","LG","고척",8283,"win"
"194","2019/05/10","KIA","SK","광주",9105,"lose"
"195","2019/05/10","KT","키움","수원",4567,"win"
"196","2019/05/10","LG","한화","잠실",19399,"lose"
"197","2019/05/10","NC","두산","창원",9716,"win"
"198","2019/05/10","삼성","롯데","대구",14620,"lose"
"199","2019/05/11","KIA","SK","광주",15173,"lose"
"200","2019/05/11","KT","키움","수원",10800,"lose"
"201","2019/05/11","LG","한화","잠실",25000,"win"
"202","2019/05/11","NC","두산","창원",14806,"lose"
"203","2019/05/11","삼성","롯데","대구",24000,"win"
"204","2019/05/12","KIA","SK","광주",11433,"lose"
"205","2019/05/12","KT","키움","수원",9792,"win"
"206","2019/05/12","LG","한화","잠실",21860,"win"
"207","2019/05/12","NC","두산","창원",10486,"lose"
"208","2019/05/12","삼성","롯데","대구",17458,"lose"
"209","2019/05/14","KIA","KT","광주",6355,"lose"
"210","2019/05/14","NC","SK","창원",5992,"win"
"211","2019/05/14","두산","삼성","잠실",12127,"lose"
"212","2019/05/14","롯데","LG","사직",18119,"win"
"213","2019/05/14","한화","키움","대전",6387,"win"
"214","2019/05/15","KIA","KT","광주",6711,"lose"
"215","2019/05/15","NC","SK","창원",8402,"lose"
"216","2019/05/15","두산","삼성","잠실",12085,"win"
"217","2019/05/15","롯데","LG","사직",9738,"win"
"218","2019/05/15","한화","키움","대전",6878,"win"
"219","2019/05/16","KIA","KT","광주",6384,"lose"
"220","2019/05/16","NC","SK","창원",6735,"win"
"221","2019/05/16","두산","삼성","잠실",15267,"win"
"222","2019/05/16","롯데","LG","사직",14064,"lose"
"223","2019/05/16","한화","키움","대전",7912,"win"
"224","2019/05/17","KT","삼성","수원",6834,"lose"
"225","2019/05/17","LG","NC","잠실",11998,"lose"
"226","2019/05/17","SK","두산","문학",19391,"lose"
"227","2019/05/17","키움","롯데","고척",5127,"win"
"228","2019/05/17","한화","KIA","대전",12927,"lose"
"229","2019/05/18","KT","삼성","수원",14474,"win"
"230","2019/05/18","LG","NC","잠실",17182,"lose"
"231","2019/05/18","SK","두산","문학",23000,"lose"
"232","2019/05/18","키움","롯데","고척",9325,"win"
"233","2019/05/18","한화","KIA","대전",13000,"win"
"234","2019/05/19","키움","롯데","고척",7887,"win"
"235","2019/05/19","한화","KIA","대전",12287,"lose"
"236","2019/05/21","KIA","롯데","광주",15514,"win"
"237","2019/05/21","KT","두산","수원",5630,"win"
"238","2019/05/21","LG","SK","잠실",10254,"lose"
"239","2019/05/21","삼성","한화","대구",8422,"win"
"240","2019/05/21","키움","NC","고척",1907,"lose"
"241","2019/05/22","KIA","롯데","광주",7648,"win"
"242","2019/05/22","KT","두산","수원",6858,"win"
"243","2019/05/22","LG","SK","잠실",10082,"lose"
"244","2019/05/22","삼성","한화","대구",8678,"win"
"245","2019/05/22","키움","NC","고척",1826,"win"
"246","2019/05/23","KIA","롯데","광주",8055,"win"
"247","2019/05/23","KT","두산","수원",6871,"win"
"248","2019/05/23","LG","SK","잠실",10249,"win"
"249","2019/05/23","삼성","한화","대구",8536,"win"
"250","2019/05/23","키움","NC","고척",2156,"lose"
"251","2019/05/24","KIA","KT","광주",9646,"win"
"252","2019/05/24","NC","SK","창원",10110,"lose"
"253","2019/05/24","두산","한화","잠실",20567,"lose"
"254","2019/05/24","롯데","LG","사직",11427,"win"
"255","2019/05/24","삼성","키움","대구",8749,"lose"
"256","2019/05/25","KIA","KT","광주",18046,"win"
"257","2019/05/25","NC","SK","창원",13079,"win"
"258","2019/05/25","두산","한화","잠실",25000,"win"
"259","2019/05/25","롯데","LG","사직",24500,"lose"
"260","2019/05/25","삼성","키움","대구",19106,"win"
"261","2019/05/26","KIA","KT","광주",12444,"win"
"262","2019/05/26","NC","SK","창원",9221,"lose"
"263","2019/05/26","두산","한화","잠실",22209,"win"
"264","2019/05/26","롯데","LG","사직",13967,"lose"
"265","2019/05/26","삼성","키움","대구",11891,"win"
"266","2019/05/28","NC","롯데","창원",13044,"lose"
"267","2019/05/28","SK","KT","문학",18477,"win"
"268","2019/05/28","두산","삼성","잠실",10353,"win"
"269","2019/05/28","키움","LG","고척",5387,"win"
"270","2019/05/28","한화","KIA","대전",9292,"win"
"271","2019/05/29","NC","롯데","창원",13568,"win"
"272","2019/05/29","SK","KT","문학",8261,"lose"
"273","2019/05/29","두산","삼성","잠실",12132,"win"
"274","2019/05/29","키움","LG","고척",4563,"lose"
"275","2019/05/29","한화","KIA","대전",10356,"lose"
"276","2019/05/30","NC","롯데","창원",12896,"lose"
"277","2019/05/30","SK","KT","문학",7778,"win"
"278","2019/05/30","두산","삼성","잠실",10428,"lose"
"279","2019/05/30","키움","LG","고척",5096,"lose"
"280","2019/05/30","한화","KIA","대전",9502,"lose"
"281","2019/05/31","KIA","키움","광주",10595,"win"
"282","2019/05/31","KT","두산","수원",7105,"win"
"283","2019/05/31","LG","NC","잠실",10099,"win"
"284","2019/05/31","SK","한화","문학",15480,"win"
"285","2019/05/31","롯데","삼성","사직",9425,"win"
"286","2019/06/01","KIA","키움","광주",18093,"lose"
"287","2019/06/01","KT","두산","수원",17341,"win"
"288","2019/06/01","LG","NC","잠실",18500,"win"
"289","2019/06/01","SK","한화","문학",23000,"lose"
"290","2019/06/01","롯데","삼성","사직",19461,"win"
"291","2019/06/02","KIA","키움","광주",11687,"lose"
"292","2019/06/02","KT","두산","수원",10882,"lose"
"293","2019/06/02","LG","NC","잠실",12536,"lose"
"294","2019/06/02","SK","한화","문학",17503,"win"
"295","2019/06/02","롯데","삼성","사직",11657,"lose"
"296","2019/06/04","KIA","두산","광주",18318,"lose"
"297","2019/06/04","LG","KT","잠실",7244,"win"
"298","2019/06/04","롯데","한화","울산",7721,"win"
"299","2019/06/04","삼성","NC","대구",7142,"win"
"300","2019/06/04","키움","SK","고척",4703,"lose"
"301","2019/06/05","KIA","두산","광주",10247,"lose"
"302","2019/06/05","LG","KT","잠실",9860,"win"
"303","2019/06/05","롯데","한화","울산",8812,"lose"
"304","2019/06/05","삼성","NC","대구",10078,"win"
"305","2019/06/05","키움","SK","고척",5333,"lose"
"306","2019/06/06","KIA","두산","광주",16203,"win"
"307","2019/06/06","LG","KT","잠실",13673,"win"
"308","2019/06/06","롯데","한화","울산",7104,"lose"
"309","2019/06/06","삼성","NC","대구",15425,"win"
"310","2019/06/06","키움","SK","고척",8594,"win"
"311","2019/06/07","KT","롯데","수원",4848,"win"
"312","2019/06/07","NC","KIA","창원",7173,"win"
"313","2019/06/07","SK","삼성","문학",10608,"win"
"314","2019/06/07","두산","키움","잠실",11436,"win"
"315","2019/06/07","한화","LG","대전",9416,"win"
"316","2019/06/08","KT","롯데","수원",14264,"win"
"317","2019/06/08","NC","KIA","창원",16293,"win"
"318","2019/06/08","SK","삼성","문학",21934,"win"
"319","2019/06/08","두산","키움","잠실",18312,"lose"
"320","2019/06/08","한화","LG","대전",13000,"lose"
"321","2019/06/09","KT","롯데","수원",5289,"win"
"322","2019/06/09","NC","KIA","창원",8771,"win"
"323","2019/06/09","SK","삼성","문학",11819,"lose"
"324","2019/06/09","두산","키움","잠실",10287,"lose"
"325","2019/06/09","한화","LG","대전",10064,"lose"
"326","2019/06/11","KIA","삼성","광주",7058,"win"
"327","2019/06/11","KT","SK","수원",3796,"lose"
"328","2019/06/11","LG","롯데","잠실",10802,"same"
"329","2019/06/11","NC","키움","창원",5394,"lose"
"330","2019/06/11","한화","두산","대전",6637,"win"
"331","2019/06/12","KIA","삼성","광주",7370,"win"
"332","2019/06/12","KT","SK","수원",5300,"lose"
"333","2019/06/12","LG","롯데","잠실",13909,"win"
"334","2019/06/12","NC","키움","창원",6839,"lose"
"335","2019/06/12","한화","두산","대전",6578,"lose"
"336","2019/06/13","KIA","삼성","광주",8130,"win"
"337","2019/06/13","KT","SK","수원",6639,"win"
"338","2019/06/13","LG","롯데","잠실",13705,"win"
"339","2019/06/13","NC","키움","창원",5762,"win"
"340","2019/06/13","한화","두산","대전",6418,"lose"
"341","2019/06/14","SK","NC","문학",9593,"win"
"342","2019/06/14","두산","LG","잠실",18227,"win"
"343","2019/06/14","삼성","KT","대구",6775,"win"
"344","2019/06/14","키움","한화","고척",7089,"win"
"345","2019/06/15","SK","NC","문학",17064,"win"
"346","2019/06/15","두산","LG","잠실",23106,"lose"
"347","2019/06/15","롯데","KIA","사직",18595,"win"
"348","2019/06/15","삼성","KT","대구",14674,"lose"
"349","2019/06/15","키움","한화","고척",13115,"win"
"350","2019/06/16","SK","NC","문학",11962,"win"
"351","2019/06/16","두산","LG","잠실",17912,"win"
"352","2019/06/16","롯데","KIA","사직",9113,"win"
"353","2019/06/16","삼성","KT","대구",10319,"lose"
"354","2019/06/16","키움","한화","고척",7382,"win"
"355","2019/06/18","KIA","SK","광주",7100,"win"
"356","2019/06/18","두산","NC","잠실",6568,"win"
"357","2019/06/18","삼성","LG","대구",6612,"win"
"358","2019/06/18","키움","KT","고척",2463,"win"
"359","2019/06/18","한화","롯데","대전",5008,"lose"
"360","2019/06/19","KIA","SK","광주",7108,"lose"
"361","2019/06/19","두산","NC","잠실",7521,"win"
"362","2019/06/19","삼성","LG","대구",7164,"lose"
"363","2019/06/19","키움","KT","고척",2918,"win"
"364","2019/06/19","한화","롯데","대전",6874,"lose"
"365","2019/06/20","KIA","SK","광주",8640,"win"
"366","2019/06/20","두산","NC","잠실",9189,"win"
"367","2019/06/20","삼성","LG","대구",7802,"lose"
"368","2019/06/20","키움","KT","고척",3026,"win"
"369","2019/06/20","한화","롯데","대전",6834,"win"
"370","2019/06/21","KT","NC","수원",3742,"win"
"371","2019/06/21","LG","KIA","잠실",18316,"win"
"372","2019/06/21","SK","두산","문학",17571,"win"
"373","2019/06/21","롯데","키움","사직",9078,"lose"
"374","2019/06/21","한화","삼성","대전",7635,"lose"
"375","2019/06/22","KT","NC","수원",8109,"lose"
"376","2019/06/22","LG","KIA","잠실",25000,"lose"
"377","2019/06/22","SK","두산","문학",22094,"win"
"378","2019/06/22","롯데","키움","사직",12318,"win"
"379","2019/06/22","한화","삼성","대전",10614,"win"
"380","2019/06/23","KT","NC","수원",5636,"win"
"381","2019/06/23","LG","KIA","잠실",23321,"lose"
"382","2019/06/23","SK","두산","문학",18717,"win"
"383","2019/06/23","롯데","키움","사직",8857,"win"
"384","2019/06/23","한화","삼성","대전",7269,"lose"
"385","2019/06/25","LG","SK","잠실",9777,"lose"
"386","2019/06/25","NC","한화","창원",7361,"lose"
"387","2019/06/25","롯데","KT","사직",7416,"same"
"388","2019/06/25","삼성","두산","포항",7257,"win"
"389","2019/06/25","키움","KIA","고척",8503,"win"
"390","2019/06/26","LG","SK","잠실",7888,"lose"
"391","2019/06/26","키움","KIA","고척",8257,"lose"
"392","2019/06/27","LG","SK","잠실",8475,"win"
"393","2019/06/27","NC","한화","창원",4612,"win"
"394","2019/06/27","롯데","KT","사직",5669,"lose"
"395","2019/06/27","삼성","두산","포항",4169,"lose"
"396","2019/06/27","키움","KIA","고척",9805,"win"
"397","2019/06/28","KT","KIA","수원",9301,"win"
"398","2019/06/28","NC","LG","창원",8513,"lose"
"399","2019/06/28","두산","롯데","잠실",12213,"win"
"400","2019/06/28","삼성","SK","대구",6808,"win"
"401","2019/06/28","한화","키움","대전",5749,"lose"
"402","2019/06/29","KT","KIA","수원",17899,"win"
"403","2019/06/29","두산","롯데","잠실",16351,"lose"
"404","2019/06/30","KT","KIA","수원",15005,"win"
"405","2019/06/30","NC","LG","창원",6462,"win"
"406","2019/06/30","두산","롯데","잠실",14096,"lose"
"407","2019/06/30","삼성","SK","대구",14224,"lose"
"408","2019/06/30","한화","키움","대전",6017,"lose"
"409","2019/07/02","KIA","NC","광주",4671,"win"
"410","2019/07/02","KT","삼성","수원",4034,"win"
"411","2019/07/02","LG","한화","잠실",10360,"win"
"412","2019/07/02","SK","롯데","문학",8966,"win"
"413","2019/07/02","키움","두산","고척",6318,"win"
"414","2019/07/03","KIA","NC","광주",6053,"lose"
"415","2019/07/03","KT","삼성","수원",4697,"win"
"416","2019/07/03","LG","한화","잠실",11170,"win"
"417","2019/07/03","SK","롯데","문학",9672,"win"
"418","2019/07/03","키움","두산","고척",6758,"lose"
"419","2019/07/04","KIA","NC","광주",6869,"lose"
"420","2019/07/04","KT","삼성","수원",5649,"win"
"421","2019/07/04","LG","한화","잠실",12362,"win"
"422","2019/07/04","SK","롯데","문학",11887,"win"
"423","2019/07/04","키움","두산","고척",7337,"lose"
"424","2019/07/05","KIA","LG","광주",9532,"win"
"425","2019/07/05","NC","삼성","창원",8691,"win"
"426","2019/07/05","두산","SK","잠실",13135,"lose"
"427","2019/07/05","키움","롯데","고척",4392,"win"
"428","2019/07/05","한화","KT","대전",6286,"lose"
"429","2019/07/06","KIA","LG","광주",13989,"win"
"430","2019/07/06","NC","삼성","창원",12076,"same"
"431","2019/07/06","두산","SK","잠실",17334,"lose"
"432","2019/07/06","키움","롯데","고척",10241,"win"
"433","2019/07/06","한화","KT","대전",8868,"win"
"434","2019/07/07","KIA","LG","광주",7570,"lose"
"435","2019/07/07","NC","삼성","창원",7085,"lose"
"436","2019/07/07","두산","SK","잠실",12108,"win"
"437","2019/07/07","키움","롯데","고척",6196,"win"
"438","2019/07/07","한화","KT","대전",5182,"lose"
"439","2019/07/09","KT","키움","수원",4863,"lose"
"440","2019/07/09","LG","두산","잠실",13844,"lose"
"441","2019/07/09","롯데","NC","사직",15651,"win"
"442","2019/07/09","삼성","KIA","대구",7128,"win"
"443","2019/07/09","한화","SK","대전",4432,"win"
"444","2019/07/11","KT","키움","수원",4363,"lose"
"445","2019/07/11","LG","두산","잠실",11728,"lose"
"446","2019/07/11","롯데","NC","사직",5392,"lose"
"447","2019/07/11","삼성","KIA","대구",8880,"win"
"448","2019/07/11","한화","SK","대전",4674,"lose"
"449","2019/07/12","KIA","한화","광주",9208,"win"
"450","2019/07/12","LG","삼성","잠실",15973,"lose"
"451","2019/07/12","NC","KT","창원",11213,"win"
"452","2019/07/12","SK","키움","문학",16532,"lose"
"453","2019/07/12","롯데","두산","사직",6983,"win"
"454","2019/07/13","KIA","한화","광주",20500,"lose"
"455","2019/07/13","LG","삼성","잠실",21094,"win"
"456","2019/07/13","NC","KT","창원",10805,"lose"
"457","2019/07/13","SK","키움","문학",22061,"win"
"458","2019/07/13","롯데","두산","사직",13384,"lose"
"459","2019/07/14","KIA","한화","광주",9687,"win"
"460","2019/07/14","LG","삼성","잠실",14603,"win"
"461","2019/07/14","NC","KT","창원",6734,"lose"
"462","2019/07/14","SK","키움","문학",18767,"win"
"463","2019/07/14","롯데","두산","사직",6263,"lose"
"464","2019/07/16","SK","LG","문학",10846,"win"
"465","2019/07/16","두산","KT","잠실",6156,"lose"
"466","2019/07/16","키움","삼성","고척",4626,"win"
"467","2019/07/16","한화","NC","청주",7240,"lose"
"468","2019/07/17","KIA","롯데","광주",6809,"win"
"469","2019/07/17","SK","LG","문학",16347,"win"
"470","2019/07/17","두산","KT","잠실",7104,"lose"
"471","2019/07/17","키움","삼성","고척",4853,"win"
"472","2019/07/17","한화","NC","청주",8184,"lose"
"473","2019/07/18","KIA","롯데","광주",4171,"lose"
"474","2019/07/18","SK","LG","문학",12622,"lose"
"475","2019/07/18","두산","KT","잠실",8129,"lose"
"476","2019/07/18","키움","삼성","고척",6535,"win"
"477","2019/07/18","한화","NC","청주",6846,"lose"
"478","2019/07/26","롯데","SK","사직",5485,"lose"
"479","2019/07/26","삼성","한화","대구",6612,"win"
"480","2019/07/26","키움","NC","고척",3643,"win"
"481","2019/07/27","KT","LG","수원",12451,"lose"
"482","2019/07/27","두산","KIA","잠실",17926,"win"
"483","2019/07/27","롯데","SK","사직",7761,"lose"
"484","2019/07/27","삼성","한화","대구",13596,"win"
"485","2019/07/27","키움","NC","고척",9385,"win"
"486","2019/07/28","KT","LG","수원",9061,"lose"
"487","2019/07/28","롯데","SK","사직",5206,"lose"
"488","2019/07/28","삼성","한화","대구",11347,"win"
"489","2019/07/28","키움","NC","고척",4565,"lose"
"490","2019/07/30","KT","한화","수원",5805,"win"
"491","2019/07/30","LG","키움","잠실",9570,"lose"
"492","2019/07/30","NC","두산","창원",7435,"lose"
"493","2019/07/30","SK","KIA","문학",16881,"lose"
"494","2019/07/30","삼성","롯데","대구",9374,"win"
"495","2019/07/31","KT","한화","수원",4816,"lose"
"496","2019/07/31","LG","키움","잠실",8027,"lose"
"497","2019/07/31","NC","두산","창원",7672,"win"
"498","2019/07/31","SK","KIA","문학",8871,"lose"
"499","2019/07/31","삼성","롯데","대구",10194,"lose"
"500","2019/08/01","KT","한화","수원",7025,"lose"
"501","2019/08/01","LG","키움","잠실",10007,"win"
"502","2019/08/01","NC","두산","창원",7324,"lose"
"503","2019/08/01","SK","KIA","문학",17646,"win"
"504","2019/08/01","삼성","롯데","대구",10092,"lose"
"505","2019/08/03","KIA","NC","광주",11249,"win"
"506","2019/08/03","LG","삼성","잠실",18146,"win"
"507","2019/08/03","롯데","두산","사직",8841,"win"
"508","2019/08/03","키움","KT","고척",7149,"lose"
"509","2019/08/03","한화","SK","대전",9193,"lose"
"510","2019/08/04","KIA","NC","광주",9024,"win"
"511","2019/08/04","LG","삼성","잠실",12408,"lose"
"512","2019/08/04","롯데","두산","사직",5709,"win"
"513","2019/08/04","키움","KT","고척",4938,"lose"
"514","2019/08/04","한화","SK","대전",5117,"win"
"515","2019/08/06","KIA","LG","광주",5722,"lose"
"516","2019/08/06","SK","KT","문학",7968,"lose"
"517","2019/08/06","두산","한화","잠실",10934,"win"
"518","2019/08/07","KIA","LG","광주",4981,"win"
"519","2019/08/07","NC","삼성","창원",6752,"win"
"520","2019/08/07","SK","KT","문학",7443,"win"
"521","2019/08/07","두산","한화","잠실",10137,"lose"
"522","2019/08/07","롯데","키움","울산",5070,"lose"
"523","2019/08/08","KIA","한화","광주",5790,"win"
"524","2019/08/08","NC","LG","창원",7571,"win"
"525","2019/08/08","두산","KT","잠실",6334,"win"
"526","2019/08/08","삼성","롯데","대구",7738,"lose"
"527","2019/08/08","키움","SK","고척",6811,"lose"
"528","2019/08/09","KIA","한화","광주",8524,"win"
"529","2019/08/09","NC","LG","창원",8661,"lose"
"530","2019/08/09","두산","KT","잠실",6126,"win"
"531","2019/08/09","삼성","롯데","대구",7679,"lose"
"532","2019/08/09","키움","SK","고척",3583,"win"
"533","2019/08/10","KT","한화","수원",10384,"win"
"534","2019/08/10","LG","SK","잠실",12450,"lose"
"535","2019/08/10","NC","롯데","창원",13038,"win"
"536","2019/08/10","삼성","KIA","대구",20159,"lose"
"537","2019/08/10","키움","두산","고척",11234,"win"
"538","2019/08/11","KT","한화","수원",7422,"lose"
"539","2019/08/11","LG","SK","잠실",8495,"win"
"540","2019/08/11","NC","롯데","창원",9235,"win"
"541","2019/08/11","삼성","KIA","대구",6803,"win"
"542","2019/08/11","키움","두산","고척",7812,"lose"
"543","2019/08/13","KIA","두산","광주",6068,"lose"
"544","2019/08/13","LG","키움","잠실",7224,"win"
"545","2019/08/13","SK","삼성","문학",7978,"win"
"546","2019/08/13","롯데","KT","사직",7207,"win"
"547","2019/08/13","한화","NC","대전",5167,"lose"
"548","2019/08/14","KIA","두산","광주",6962,"win"
"549","2019/08/14","LG","키움","잠실",9092,"lose"
"550","2019/08/14","롯데","KT","사직",4618,"lose"
"551","2019/08/14","한화","NC","대전",5298,"win"
"552","2019/08/15","KIA","SK","광주",10770,"lose"
"553","2019/08/15","롯데","한화","사직",4604,"win"
"554","2019/08/15","키움","NC","고척",6820,"win"
"555","2019/08/16","KIA","SK","광주",11025,"win"
"556","2019/08/16","KT","삼성","수원",7564,"win"
"557","2019/08/16","두산","LG","잠실",13162,"win"
"558","2019/08/16","롯데","한화","사직",9189,"lose"
"559","2019/08/16","키움","NC","고척",3813,"win"
"560","2019/08/17","KIA","KT","광주",12606,"lose"
"561","2019/08/17","NC","SK","창원",10051,"win"
"562","2019/08/17","두산","롯데","잠실",15215,"win"
"563","2019/08/17","삼성","LG","대구",13533,"win"
"564","2019/08/17","키움","한화","고척",9255,"lose"
"565","2019/08/18","KIA","KT","광주",10240,"lose"
"566","2019/08/18","NC","SK","창원",8594,"win"
"567","2019/08/18","두산","롯데","잠실",11437,"win"
"568","2019/08/18","삼성","LG","대구",9889,"lose"
"569","2019/08/18","키움","한화","고척",6148,"lose"
"570","2019/08/20","KT","키움","수원",3768,"win"
"571","2019/08/20","LG","KIA","잠실",12490,"win"
"572","2019/08/20","NC","두산","창원",5535,"win"
"573","2019/08/20","SK","롯데","문학",7228,"win"
"574","2019/08/20","한화","삼성","대전",5464,"lose"
"575","2019/08/21","KT","키움","수원",3278,"lose"
"576","2019/08/21","LG","KIA","잠실",11806,"win"
"577","2019/08/21","SK","롯데","문학",5985,"win"
"578","2019/08/22","KT","롯데","수원",4480,"win"
"579","2019/08/22","LG","NC","잠실",6670,"lose"
"580","2019/08/22","SK","한화","문학",7493,"win"
"581","2019/08/22","삼성","두산","대구",5804,"lose"
"582","2019/08/22","키움","KIA","고척",10612,"same"
"583","2019/08/23","KT","롯데","수원",5800,"same"
"584","2019/08/23","LG","NC","잠실",8330,"win"
"585","2019/08/23","SK","한화","문학",11519,"win"
"586","2019/08/23","삼성","두산","대구",7748,"lose"
"587","2019/08/23","키움","KIA","고척",6651,"win"
"588","2019/08/24","LG","KT","잠실",14388,"win"
"589","2019/08/24","SK","KIA","문학",22352,"win"
"590","2019/08/24","롯데","NC","사직",11777,"lose"
"591","2019/08/24","삼성","키움","대구",10265,"win"
"592","2019/08/24","한화","두산","대전",9634,"lose"
"593","2019/08/25","LG","KT","잠실",11273,"lose"
"594","2019/08/25","SK","KIA","문학",18292,"lose"
"595","2019/08/25","롯데","NC","사직",5591,"win"
"596","2019/08/25","삼성","키움","대구",8022,"lose"
"597","2019/08/25","한화","두산","대전",6264,"lose"
"598","2019/08/27","KIA","삼성","광주",5840,"lose"
"599","2019/08/27","NC","KT","창원",4438,"win"
"600","2019/08/27","두산","SK","잠실",9204,"win"
"601","2019/08/27","롯데","LG","울산",2009,"lose"
"602","2019/08/27","한화","키움","청주",4924,"lose"
"603","2019/08/28","KIA","삼성","광주",7795,"win"
"604","2019/08/28","NC","KT","창원",7589,"lose"
"605","2019/08/28","두산","SK","잠실",10186,"win"
"606","2019/08/28","롯데","LG","울산",2962,"win"
"607","2019/08/28","한화","키움","청주",5512,"win"
"608","2019/08/29","KT","두산","수원",5111,"win"
"609","2019/08/29","NC","KIA","창원",5095,"win"
"610","2019/08/29","삼성","SK","대구",6874,"win"
"611","2019/08/29","키움","롯데","고척",6090,"win"
"612","2019/08/30","KT","두산","수원",7928,"lose"
"613","2019/08/30","LG","한화","잠실",11752,"lose"
"614","2019/08/30","NC","KIA","창원",8067,"lose"
"615","2019/08/30","삼성","SK","대구",7594,"lose"
"616","2019/08/30","키움","롯데","고척",4352,"win"
"617","2019/08/31","KIA","롯데","광주",12234,"win"
"618","2019/08/31","NC","키움","창원",13285,"lose"
"619","2019/08/31","SK","LG","문학",22397,"lose"
"620","2019/08/31","두산","삼성","잠실",18526,"win"
"621","2019/08/31","한화","KT","대전",7780,"lose"
"622","2019/09/01","KIA","롯데","광주",7944,"win"
"623","2019/09/01","NC","키움","창원",11604,"win"
"624","2019/09/01","SK","LG","문학",16535,"win"
"625","2019/09/01","두산","삼성","잠실",14075,"win"
"626","2019/09/01","한화","KT","대전",4688,"win"
"627","2019/09/03","KT","LG","수원",4221,"lose"
"628","2019/09/03","SK","NC","문학",5148,"win"
"629","2019/09/03","두산","키움","잠실",8566,"lose"
"630","2019/09/03","롯데","삼성","사직",2390,"lose"
"631","2019/09/03","한화","KIA","대전",4099,"lose"
"632","2019/09/04","롯데","삼성","사직",3551,"lose"
"633","2019/09/04","한화","KIA","대전",3841,"lose"
"634","2019/09/05","NC","한화","창원",7666,"lose"
"635","2019/09/05","키움","삼성","고척",6637,"lose"
"636","2019/09/06","KT","KIA","수원",5727,"win"
"637","2019/09/06","LG","롯데","잠실",9837,"win"
"638","2019/09/06","NC","한화","창원",7106,"win"
"639","2019/09/06","키움","삼성","고척",7632,"win"
"640","2019/09/07","KIA","키움","광주",4478,"lose"
"641","2019/09/07","삼성","NC","대구",9162,"lose"
"642","2019/09/07","한화","롯데","대전",5534,"win"
"643","2019/09/08","KIA","키움","광주",7060,"lose"
"644","2019/09/08","KT","SK","수원",8279,"win"
"645","2019/09/08","LG","두산","잠실",17675,"win"
"646","2019/09/08","삼성","NC","대구",10820,"win"
"647","2019/09/08","한화","롯데","대전",6216,"lose"
"648","2019/09/10","롯데","KIA","사직",4211,"win"
"649","2019/09/10","삼성","KT","대구",7309,"win"
"650","2019/09/10","한화","LG","청주",4865,"lose"
"651","2019/09/11","SK","키움","문학",10396,"lose"
"652","2019/09/11","두산","NC","잠실",8618,"lose"
"653","2019/09/11","롯데","KIA","사직",6434,"lose"
"654","2019/09/11","삼성","KT","대구",5222,"win"
"655","2019/09/11","한화","LG","청주",5235,"win"
"656","2019/09/12","KT","NC","수원",5440,"lose"
"657","2019/09/12","두산","KIA","잠실",12267,"win"
"658","2019/09/12","롯데","SK","사직",3792,"lose"
"659","2019/09/12","키움","LG","고척",9691,"win"
"660","2019/09/13","KT","NC","수원",5612,"lose"
"661","2019/09/13","두산","KIA","잠실",12415,"win"
"662","2019/09/13","롯데","SK","사직",4074,"win"
"663","2019/09/13","삼성","한화","대구",11852,"lose"
"664","2019/09/13","키움","LG","고척",8848,"lose"
"665","2019/09/14","KT","키움","수원",7553,"win"
"666","2019/09/14","LG","KIA","잠실",17406,"win"
"667","2019/09/14","NC","삼성","창원",16496,"win"
"668","2019/09/14","SK","두산","문학",21027,"win"
"669","2019/09/14","한화","롯데","대전",8007,"win"
"670","2019/09/15","LG","두산","잠실",18171,"win"
"671","2019/09/15","NC","삼성","창원",12163,"win"
"672","2019/09/15","SK","KT","문학",12865,"lose"
"673","2019/09/15","한화","롯데","대전",5003,"lose"
"674","2019/09/16","KT","LG","수원",5620,"lose"
"675","2019/09/16","두산","키움","잠실",9298,"lose"
"676","2019/09/16","삼성","한화","대구",3925,"lose"
"677","2019/09/17","KIA","NC","광주",8011,"win"
"678","2019/09/17","한화","키움","대전",5293,"win"
"679","2019/09/18","KIA","롯데","광주",5448,"win"
"680","2019/09/18","SK","NC","문학",8002,"lose"
"681","2019/09/18","삼성","LG","포항",2801,"lose"
"682","2019/09/19","NC","LG","창원",8878,"win"
"683","2019/09/19","SK","두산","문학",13952,"lose"
"684","2019/09/19","SK","두산","문학",7078,"lose"
"685","2019/09/19","삼성","KIA","대구",5887,"win"
"686","2019/09/20","SK","키움","문학",14956,"lose"
"687","2019/09/20","두산","KIA","잠실",13147,"win"
"688","2019/09/20","롯데","KT","사직",3514,"lose"
"689","2019/09/20","한화","삼성","대전",6003,"win"
"690","2019/09/21","KT","삼성","수원",7673,"lose"
"691","2019/09/21","두산","KIA","잠실",16912,"win"
"692","2019/09/22","두산","LG","잠실",14596,"lose"
"693","2019/09/23","KT","KIA","수원",4327,"win"
"694","2019/09/23","LG","한화","잠실",11775,"lose"
"695","2019/09/23","롯데","NC","사직",1762,"lose"
"696","2019/09/24","KIA","키움","광주",6217,"win"
"697","2019/09/24","KT","SK","수원",4948,"win"
"698","2019/09/24","LG","삼성","잠실",15115,"lose"
"699","2019/09/24","NC","두산","창원",8198,"same"
"700","2019/09/25","NC","한화","창원",11238,"lose"
"701","2019/09/25","SK","삼성","문학",18278,"win"
"702","2019/09/25","롯데","두산","사직",2960,"lose"
"703","2019/09/26","KT","LG","수원",6298,"lose"
"704","2019/09/26","NC","한화","창원",14039,"lose"
"705","2019/09/26","롯데","KIA","사직",2662,"lose"
"706","2019/09/26","삼성","두산","대구",7483,"lose"
"707","2019/09/27","LG","NC","잠실",19523,"lose"
"708","2019/09/27","삼성","SK","대구",7726,"lose"
"709","2019/09/28","KIA","LG","광주",13888,"win"
"710","2019/09/28","KT","NC","수원",11350,"win"
"711","2019/09/28","삼성","SK","대구",18193,"win"
"712","2019/09/29","KT","삼성","수원",9755,"win"
"713","2019/09/29","LG","두산","잠실",25000,"lose"
"714","2019/09/29","롯데","키움","사직",3331,"lose"
"715","2019/09/30","LG","롯데","잠실",12042,"win"
"716","2019/10/01","두산","NC","잠실",24081,"win"
"717","2019/10/01","롯데","키움","사직",1842,"lose"
